"Marca temporal","Nombre completo y apellidos  - Como aparece en la cédula","Cédula o documento de identidad = Formato 0-0000-0000","Edad","Teléfono Principal = Formato 0000-0000","Estudios últimos alcanzados","Adjunta el título de noveno año o bachillerato de secundaria obtenido","Especialidad que desearía matricular para el 2026","¿Porque medio se entero de la prematrícula?","Correo electrónico personal","País de origen","Provincia donde vive","Cantón donde vive","Dirección exacta de su residencia actual ","Posee Adecuaciones curriculares de","Es usted madre, padre de familia o encargado de alguien","Cuántos hijos tiene","Posee discapacidad	"
"2026/06/17 6:48:42 p.m. GMT-6","Cristofer Salazar mora ","112530034","40","61089295","Bachiller de Secundaria","","Ciber Seguridad","","crisjoao70@gmail.com","Costa Rica","San José","Goicoechea","Purral arriba,amelias 2 casa F1","No tengo adecuaciones","Si","3-4","Otra"
"2026/06/17 7:37:56 p.m. GMT-6","Ivan Jimenez Araya","1-1642-0047","30","7144-6455","Noveno año de Secundaria","","Refrigeración y Aire Acondicionado","","ivanjimenez119966@gmail.com","Costa Rica","San José","Goicoechea","El Carmen de Guadalupe","No tengo adecuaciones","No","No tengo hijos","Ninguna"
"2026/06/17 7:38:04 p.m. GMT-6","Roger Silva Tuckler ","119740582","19","7119-1612 ","Bachiller de Secundaria","","Refrigeración y Aire Acondicionado","","rogertuckler26@gmail.com ","Costa Rica","San José","Goicoechea","Coca-Cola calle blancos 100m sur 10 norte frente restaurante coreano Miso","No tengo adecuaciones","No","No tengo hijos","Ninguna"
"2026/06/17 7:42:49 p.m. GMT-6","Katherine Artavia Fonseca","1-1553-0686","32","6160-9911","Noveno año de Secundaria","","Diseño de Productos Industriales Textiles","","kfonseca1093@gmail.com","Costa Rica","San José","Goicoechea","De la urbanización La Lupita, 200 mts sur y 50 este, casa 104","No tengo adecuaciones","Si","1-2","Ninguna"
"2026/06/17 7:44:45 p.m. GMT-6","Gloria Somarriba Vanegas","8-0155-0121","35","6055-0923","Noveno año de Secundaria","","Electromecánica","","gloriana1987vanegas@gmail.com","Costa Rica","San José","Goicoechea","Del Mall El dorado 25 mts al sur","No tengo adecuaciones","No","No tengo hijos","Ninguna"
"2026/06/17 7:45:26 p.m. GMT-6","Karla Salazar Fonseca ","110510741","47","8619-2484","Noveno año de Secundaria","","Ejecutivo comercial y de Servicio al Cliente","","amparo86192@gmail.com","Costa Rica","San José","Moravia","La Isla de Moravia ","No tengo adecuaciones","Si","1-2","Sensorial Visual"
"2026/06/21 12:50:27 p.m. GMT-6","Valery Sofía Solís Jiménez ","119550675","20 años","6022-5566","Noveno año de Secundaria","https://drive.google.com/u/0/open?usp=forms_web&id=1DSKhBpxRjgp_bKpRpjFf9qEbaeZkLRCM","Diseño de Productos Industriales Textiles","","Valery.sofia.solis.jimenez14@gmail.com","Costa Rica","San José","San José","400 metros este del pali de purral, Condominio Vertical Vistas de Guadalupe ","Adecuaciones NO Significativas","No","No tengo hijos","Ninguna"
"2026/06/25 12:36:33 p.m. GMT-6","Maureen Rebeca Vargas Badilla","114790594","34","83817917","Bachiller de Secundaria","","Contabilidad","","mauvargasbadilla91@gmail.com","Costa Rica","San José","Goicoechea","De la Escuela Roberto Cantillano Vindas 150m oeste y 250 norte","No tengo adecuaciones","Si","1-2","Ninguna"
"2026/06/25 1:22:07 p.m. GMT-6","Luis Vargas diaz ","117770422","26","86034598","Bachiller de Secundaria","https://drive.google.com/u/0/open?usp=forms_web&id=1zlmbKMStY3JR1Gqyysn4Mm5t0pwmcESg","Ciber Seguridad","","luisgerardovargasdiaz@gmail.com","Costa Rica","San José","Goicoechea","De La Plaza De Deportes De Calle Blancos 300norte 300 Oeste Y 50 Norte casa 11j a mano derecha verjas verdes con blanco","Adecuaciones NO Significativas","No","No tengo hijos","Ninguna"
"2026/06/25 1:35:59 p.m. GMT-6","Dayana Arroyo Calderón","115340818","33","63906286","Noveno año de Secundaria","https://drive.google.com/u/0/open?usp=forms_web&id=1IJq5IlUaiUQtrKP_6hgCiv3Y3jTspdDR","Contabilidad","","arroyodaya93@gmail.com","Costa Rica","San José","Vásquez de Coronado""","Dulce Nombre de Coronado urbanización,villa Nova casa 96","No tengo adecuaciones","No","No tengo hijos","Ninguna"
"2026/06/25 2:04:02 p.m. GMT-6","Karolyn Denisse Morales Vargas ","119140775","21","71652841","Bachiller de Secundaria","","Ejecutivo comercial y de Servicio al Cliente","","moralesvargaskarolyn@gmail.com","Costa Rica","San José","Goicoechea","Calle bruno ","No tengo adecuaciones","No","No tengo hijos","Ninguna"
"2026/06/25 2:43:49 p.m. GMT-6","Luis Solano Castillo ","116240562","30","87419992","Noveno año de Secundaria","https://drive.google.com/u/0/open?usp=forms_web&id=1L9cTn5LLqt9ldXSTgKPAQf63j1gZ7F1S","Contabilidad","","luisgsolano1395@hotmail.com","Costa Rica","San José","Goicoechea","El Carmen de Guadalupe, Barrio Lotes Villalta ","No tengo adecuaciones","No","No tengo hijos","Ninguna"
"2026/06/25 4:51:46 p.m. GMT-6","Joseth Josué Soto Leandro ","115390070","33","70300575","Bachiller de Secundaria","","Ciber Seguridad","","jsoto07@hotmail.es","Costa Rica","San José","Goicoechea","500 este de la cruz roja ipis de Guadalupe última casa ","No tengo adecuaciones","Si","1-2","Ninguna"
"2026/06/25 6:40:22 p.m. GMT-6","Kimberly Miranda Sandoval ","115480380","32","85774035 ","Bachiller de Secundaria","https://drive.google.com/u/0/open?usp=forms_web&id=1CvpJo1Ilb92DnexswRmh51ZZ32145v02","Contabilidad","","kmirandas2014@gmail.com","Costa Rica","San José","Goicoechea","De la entranda suroeste del parqueo de walmart 50 norte","No tengo adecuaciones","Si","1-2","Ninguna"
"2026/06/25 7:08:10 p.m. GMT-6","William Castillo Fuentes ","114610228","35 años","70132924","Bachiller de Secundaria","https://drive.google.com/u/0/open?usp=forms_web&id=1-5ZYpUVPZLoF5ScpqANYUsk1K7qfVfDq","Electromecánica","","wcastillo2491@gmail.com","Costa Rica","San José","Goicoechea","Purral, condominio linda vista casa#9","No tengo adecuaciones","Si","1-2","Ninguna"
"2026/06/25 7:26:15 p.m. GMT-6","William Castillo Fuentes ","114610228","35 años","70132924","Bachiller de Secundaria","https://drive.google.com/u/0/open?usp=forms_web&id=1W1TEaPcLbeWOQTB5E8hAmhVyQnbERmRr","Electromecánica","","wcastillo2491@gmail.com","Costa Rica","San José","Goicoechea","Purral, condominio linda vista casa #9","No tengo adecuaciones","Si","1-2","Ninguna"
"2026/06/26 8:45:24 a.m. GMT-6","Camila González Bustamante ","1 2000 0730","18","6474 6606","Bachiller de Secundaria","https://drive.google.com/u/0/open?usp=forms_web&id=1Vi4yNaHhDq6J58eQvbqh66As_-xdAJPi","Ciber Seguridad","","camilagb1102@gmail.com","Costa Rica","San José","Tibás","Calle 32A","No tengo adecuaciones","No","No tengo hijos","Ninguna"
"2026/06/26 12:25:57 p.m. GMT-6","Fabiola Mayorga Hernández","155827046715","19 años ","64504857","Bachiller de Secundaria","https://drive.google.com/u/0/open?usp=forms_web&id=1F-gCrff5c66rTs6G4UiUFGSMr51zaZKq","Contabilidad","","fabimh34@gmail.com","Nicaragua","San José","Tibás","Avenida 73 Asturias San Juan de tibas ","No tengo adecuaciones","No","No tengo hijos","Ninguna"
"2026/06/26 4:42:31 p.m. GMT-6","Maureen Estefanie Rodríguez Artavia ","111500175","43","64373637","Bachiller de Secundaria","https://drive.google.com/u/0/open?usp=forms_web&id=1s2HNDXtxowrcik2z5NeRNY57PgpSXDot","Contabilidad","","tefa.cr.1982@gmail.com","Costa Rica","San José","Vásquez de Coronado""","Urbanización Villa Linda Casa N°6, San Antonio de Coronado ","No tengo adecuaciones","No","No tengo hijos","Ninguna"
"2026/06/27 11:23:24 p.m. GMT-6","Erick Quesada","118920604","22","87182276","Bachiller de Secundaria","","Electromecánica","","erickquesadah@gmail.com","Costa Rica","San José","Moravia","400m de la iglesia católica de la trinidad de moravia","No tengo adecuaciones","No","No tengo hijos","Ninguna"
"2026/06/28 11:23:55 a.m. GMT-6","Kitcy Carolina Pizarro García ","901150722","43","61746993","Graduado de Técnico Medio","","Diseño de Productos Industriales Textiles","","kakitcy4@gmail.com","Costa Rica","San José","Goicoechea","450 metros al norte de los tribunales de justicia ","No tengo adecuaciones","Si","3-4","Ninguna"
"2026/06/28 11:29:32 a.m. GMT-6","Kitcy Carolina Pizarro García ","901150722","43","61746993","Graduado de Técnico Medio","https://drive.google.com/u/0/open?usp=forms_web&id=1pbu5MejQfoad9G7WmvZNaxVoW94r3-wd","Diseño de Productos Industriales Textiles","","pizarrokitcy@gmail.com","Costa Rica","San José","Goicoechea","650m N de los tribunales de Justicia, Goicoechea","No tengo adecuaciones","Si","3-4","Ninguna"
"2026/06/29 10:49:28 a.m. GMT-6","Josue Gustavo Duarte Madrigal ","1-1966-0523 ","20","6241-1280 ","Graduado de Técnico Medio","https://drive.google.com/u/0/open?usp=forms_web&id=1fQExDCNRjKQ4egQ-IvrmJ5xtx3SYDk_H","Electromecánica","","duartejosuegustavo@gmail.com ","Costa Rica","San José","Goicoechea","Calle almendros, santa cecilia, Guadalupe 600 este y 25 norte de los tribunales de justicia ","No tengo adecuaciones","No","No tengo hijos","Ninguna"
"2026/06/30 1:41:49 p.m. GMT-6","Cindy Karina Chaves Guido ","7-0194-0168","36 años","70767674","Bachiller de Secundaria","https://drive.google.com/u/0/open?usp=forms_web&id=1hcgN_1HA06FLzNdBwWNDxccscKwDzPMR","Ciber Seguridad","","cindy.miach16@gmail.com","Costa Rica","San José","Goicoechea","Del pali de Ipis 400m sur ","No tengo adecuaciones","Si","1-2","Ninguna"
"2026/06/30 11:39:30 p.m. GMT-6","Magali Pérez Sánchez ","105310133","66","61639484","Bachiller de Secundaria","https://drive.google.com/u/0/open?usp=forms_web&id=1ekRzQrJnB2TONpJM4U3fJI4yl7VY-vgG","Diseño de Productos Industriales Textiles","","Magalyperez14@hotmail.com","Costa Rica","San José","Goicoechea","Purral arriba urbanización Las Amelias 2","No tengo adecuaciones","Si","más de 4","Ninguna"
"2026/06/30 11:43:02 p.m. GMT-6","Keytlyn Celin Vargas Perez","117470277","27","61071405","Bachiller de Secundaria","https://drive.google.com/u/0/open?usp=forms_web&id=1r4r5QEk3IvDqqtsYjVqnqljTyIQU8cHm","Diseño de Productos Industriales Textiles","","Celynvargas99@gmail.com","Costa Rica","San José","Goicoechea","Purral arriba urbanización las Amelias 2","No tengo adecuaciones","No","No tengo hijos","Ninguna"
"2026/06/30 11:51:17 p.m. GMT-6","Keilyn Vanessa Ovares Jimenez ","114450717","35","6039 7049 ","Bachiller de Secundaria","https://drive.google.com/u/0/open?usp=forms_web&id=1KnAGK8PCVoNvWcr6XpyLpSO1sr601NUg","Refrigeración y Aire Acondicionado","","keilynvanessa17@gmail.com ","Costa Rica","San José","Goicoechea","Mata de plátano barrio americas","No tengo adecuaciones","Si","1-2","Ninguna"
"2026/07/01 1:50:07 p.m. GMT-6","Francini María Mora Gallo ","118930277","22","64668464","Bachiller de Secundaria","https://drive.google.com/u/0/open?usp=forms_web&id=13lHKdYn6vN0oVlD1-Dt6lqvnsY5EiRGZ","Ejecutivo comercial y de Servicio al Cliente","","francini1228@gmail.com","Costa Rica","San José","San José","San José Sabana norte del Masxmenos de Sabana 600 metros norte barrio la Luisa ","No tengo adecuaciones","No","No tengo hijos","Ninguna"
"2026/07/01 10:18:46 p.m. GMT-6","Fátima Auxiliadora Martínez Siria ","155819190302","43 años","63103185","Bachiller de Secundaria","https://drive.google.com/u/0/open?usp=forms_web&id=14MSE6KtGFR8rtX6F42rH1DuhXrV_Jqkb","Contabilidad","","martinez60957439@gmail.com","Nicaragua","San José","Goicoechea","Del super nazareno 200norte 100 sur ","No tengo adecuaciones","Si","1-2","Ninguna"
"2026/07/02 2:00:44 a.m. GMT-6","Joseth Josué Soto Leandro ","115390070","33 años ","70300575","Bachiller de Secundaria","https://drive.google.com/u/0/open?usp=forms_web&id=1Z4saqTpN356frhe_e5uyxfZfQyoPbsU0","Ciber Seguridad","","jsoto07@hotmail.es","Costa Rica","San José","Goicoechea","500 este cruz roja ipis última casa a Md contiguo al play infantil calle privada ","No tengo adecuaciones","Si","1-2","Ninguna"
"2026/07/05 1:32:35 p.m. GMT-6","Tayra Elena Corrales Casasola ","1-1981-0638 ","19","8964-8688","Graduado de Técnico Medio","https://drive.google.com/u/0/open?usp=forms_web&id=1zOWCgf8k8wCJ5W7ClKw2mgsXyjqaGBlU","Diseño de Productos Industriales Textiles","","Tayracorrales2@gmail.com ","Costa Rica","San José","Vásquez de Coronado""","Dulce nombre de coronado, de los condominios Villa Andrea 400m Norte y 10m Este, casa esquinera color verde, #53-C","No tengo adecuaciones","No","No tengo hijos","Ninguna"
"2026/07/14 9:36:15 p.m. GMT-6","Sandy chaves Moya ","702660434","27","70991046","Bachiller de Secundaria","https://drive.google.com/u/0/open?usp=forms_web&id=11pr0cFQ2nvI1nyWjQy4eWSxybjrooBLY","Ciber Seguridad","","Schavesmoya@gmail.com","Costa Rica","San José","Goicoechea","Pali de IPIS 300sur casa número 251","No tengo adecuaciones","Si","1-2","Ninguna"
"2026/07/17 7:02:29 a.m. GMT-6","Andres Andraus Alfaro","111000339","45","86572650","Bachiller de Secundaria","","Ciber Seguridad","","Aaapit@gmail.com","Costa Rica","San José","Moravia","100 N de serviplaza don pancho","No tengo adecuaciones","Si","1-2","Ninguna"
"2026/07/24 4:29:53 p.m. GMT-6","Johanna Avendaño Vallejos","1-11850-0887","42","8307-4444","Bachiller de Secundaria","","Diseño de Productos Industriales Textiles","","joha.avendanov@gmail.com","Costa Rica","San José","Tibás","Florida de Tibás, 125 este y 50 sur","No tengo adecuaciones","Si","3-4","Ninguna"
"2026/07/25 2:27:08 a.m. GMT-6","Paola Calvo Sánchez ","112030035","42","85592959","Bachiller de Secundaria","https://drive.google.com/u/0/open?usp=forms_web&id=1Zs92Es0tuHVJrXttB5SzrC-eSdBM_hdt","Contabilidad","","paola.calvo@gmail.com","Costa Rica","San José","Goicoechea","Costado sur del Colegio Técnico de Calle Blancos, Condominio 3, Casa 18 ","No tengo adecuaciones","Si","1-2","Ninguna"
"2026/07/25 10:32:31 a.m. GMT-6","Mario Alexander Vargas Vargas ","110810603","45","71844451","Bachiller de Secundaria","","Contabilidad","","malexandervargas@gmail.com","Costa Rica","San José","Goicoechea","costado sur colegio técnico de calle blancos ","No tengo adecuaciones","Si","1-2","Ninguna"
"2026/07/28 10:13:21 p.m. GMT-6","Andres Andraus Alfaro","111000339","45","86572650","Bachiller de Secundaria","","Electromecánica","","Aaapit@hotmail.com","Costa Rica","San José","Moravia","100N del mall don pancho","No tengo adecuaciones","Si","1-2","Ninguna"
"2026/07/30 4:52:17 p.m. GMT-6","Urbina Quirós Gabriel Alonso ","1-2101-0290","15años","87269079","Noveno año de Secundaria","","Electromecánica","","sandraquirosfajardo@gmail.com","Costa Rica","San José","Goicoechea","Ipis la facio de la cruz roja 250 metros sureste portón negro mano derecha ","Adecuaciones NO Significativas","No","No tengo hijos","Ninguna"
"2026/08/27 6:28:20 p.m. GMT-6","eddy David Badilla Salas","120240413","18","70948636","Bachiller de Secundaria","","Mantenimiento de Sistema de Aire Acondicionado Insdustrial","","badillasalaseddy@gmail.com","Costa Rica","San José","Tibás","5 esquinas de tibas continguo a la industria inican","No tengo adecuaciones","No","No tengo hijos","Ninguna"
"2026/08/27 6:33:02 p.m. GMT-6","Marbelin Ponce Guitierrez","155836857135","31","84900846","Bachiller de Secundaria","","Ejecutivo comercial y de Servicio al Cliente","","poncemarvelin25@gmail.com","Costa Rica","San José","Goicoechea","calle 41 a santo tomas","No tengo adecuaciones","Si","1-2","Ninguna"
"2026/08/27 6:36:40 p.m. GMT-6","Alfredo Jiménez Castro","109590978","50","88625256","Noveno año de Secundaria","","Electromecánica","","alfredojimeneztkt@gmail.com","Costa Rica","San José","Goicoechea","Calle Gutiérrez","No tengo adecuaciones","Si","3-4","Sensorial Auditiva"
"2026/08/27 6:43:21 p.m. GMT-6","Oscar José Fernández Aguiluz","1-1769-0864","26","7234-2803","Noveno año de Secundaria","","Mantenimiento de Sistema de Aire Acondicionado Insdustrial","","aguiluzoscarjose@gmail.com","Costa Rica","San José","Curridabat","De POPS Curridabat, 300 metros norte, 50 este, 75 norte, penúltima casa a mano derecha","No tengo adecuaciones","No","No tengo hijos","Ninguna"
"2026/08/27 6:52:04 p.m. GMT-6","Hector Antonio Lazo García. ","122200820515","48","71615424","Bachiller de Secundaria","","Electromecánica","","hector19772015@outlook.com","Nicaragua","San José","Vásquez de Coronado""","San Rafael","No tengo adecuaciones","Si","1-2","Ninguna"
"2026/08/27 6:57:55 p.m. GMT-6","Taira Elena Corrales Casasola","119810638","19","89648688","Bachiller de Secundaria","","Diseño de Productos Industriales Textiles","","lenni.aryt@gmail.com","Costa Rica","San José","Vásquez de Coronado""","Dulce Nombre","Adecuaciones NO Significativas","No","No tengo hijos","Ninguna"
"2026/08/27 7:04:52 p.m. GMT-6","Adrian Francisco Solano Monge","120140885","18","87739861","Noveno año de Secundaria","","Mantenimiento de Sistema de Aire Acondicionado Insdustrial","","adrisolanomrr@gmail.com","Costa Rica","San José","Vásquez de Coronado""","San Antonio","No tengo adecuaciones","No","No tengo hijos","Ninguna"
"2026/08/27 7:06:54 p.m. GMT-6","Soraya Ramirez Castillo","116530729","29","62794361","Bachiller de Secundaria","","Ejecutivo comercial y de Servicio al Cliente","","Sorezca1520@gmail.com","Costa Rica","San José","Goicoechea","mata platano calle la cruz del super yireh 100 metros sur este casa a mano derecha color naranja","No tengo adecuaciones","Si","1-2","Ninguna"
"2026/08/27 7:09:16 p.m. GMT-6","Marcos Gabriel Solano Mcread","1-1991-0229","19","6046-7630","Noveno año de Secundaria","","Ciber Seguridad","","untroisgabriel@gmail.com","Costa Rica","San José","Goicoechea","El Carmen, Mata de Plátano, Barrio La Cruz, calle 113","No tengo adecuaciones","Si","1-2","Ninguna"
"2026/08/27 7:09:44 p.m. GMT-6","Daniel Andres Barboza Cascante ","120460822","17","72635271","Noveno año de Secundaria","","Ciber Seguridad","","danielbarbozac09@gmail.com","Costa Rica","San José","Vásquez de Coronado""","Dulce Nombre","No tengo adecuaciones","No","No tengo hijos","Otra"
"2026/08/27 7:16:27 p.m. GMT-6","Kimberly Vanessa Miranda Sandoval","115480380","32","85774035","Bachiller de Secundaria","","Contabilidad","","kmirandas2014@gmail.com","Costa Rica","San José","Goicoechea","de la entrad suroeste del parqueo de walmart 50 norte mano izquierda","No tengo adecuaciones","Si","1-2","Ninguna"
"2026/08/27 7:18:52 p.m. GMT-6","Sulema Damaris Pérez Orozco ","801310446","40","86087282","Bachiller de Secundaria","","Contabilidad","","sulemaperez2019@gmail.com","Costa Rica","San José","Tibás","Bajo Los Rodriguez","Adecuaciones NO Significativas","Si","1-2","Sensorial Visual"
"2026/08/27 7:20:58 p.m. GMT-6","Joseth Soto Leandro ","1-1539-0070","33","7030-0575","Bachiller de Secundaria","","Electromecánica","","jsoto07@hotmail.es","Costa Rica","San José","Goicoechea","Ipís, de la Cruz Roja, 500 mts este, casa contiguo al play, ultima casa, mano izquierda","No tengo adecuaciones","Si","1-2","Ninguna"
"2026/08/27 7:24:16 p.m. GMT-6","Isaac Oviedo Rodriguez","120290486","18","70238751","Bachiller de Secundaria","","Ciber Seguridad","","isaacoviedoguillen11060708@gmail","Costa Rica","San José","Goicoechea","del bar olafos 50 sur y 50 oeste","No tengo adecuaciones","No","No tengo hijos","Ninguna"
"2026/08/27 7:32:52 p.m. GMT-6","Ignacio AguilarFernandez","119780659","19","87241717","Bachiller de Secundaria","","Contabilidad","","ignacioaguilarli777@gmail.com","Costa Rica","San José","Goicoechea","de la escuela pilar jimenez 100norte 25 oeste","No tengo adecuaciones","No","No tengo hijos","Motriz"
"2026/08/27 7:37:24 p.m. GMT-6","Jose Luis Dias Naranjo","114570228","36","63765160","Bachiller de Secundaria","","Electromecánica","","jnaranjo.jldn@gmail.com","Costa Rica","San José","Moravia","del asseradero 175 al norte casa color azul de 2 pisos","No tengo adecuaciones","Si","más de 4","Ninguna"
"2026/08/27 7:42:57 p.m. GMT-6","daniela Conejo Quiros","120400376","17","84775106","Bachiller de Secundaria","","Ejecutivo comercial y de Servicio al Cliente","","dcornejoquiros@gmail.com","Costa Rica","San José","Goicoechea","350 suroeste de la cruz roja","No tengo adecuaciones","No","No tengo hijos","Ninguna"
"2026/08/27 8:04:12 p.m. GMT-6","josue Gustavo Duarte Marigal","119660523","20","62411280","Bachiller de Secundaria","","Electromecánica","","duartejosuegustavo@gmail","Costa Rica","San José","Goicoechea","santa cecilia calle almendros","No tengo adecuaciones","No","No tengo hijos","Ninguna"
"2026/08/27 8:11:37 p.m. GMT-6","Valery Sofia Solis Jiménez ","19550675","20","60225566","Noveno año de Secundaria","","Contabilidad","","valery.sofia.solis.jimenez14@gmail.com","Costa Rica","San José","Goicoechea","Purral- TAmbien le interesa Ejecutivo para Centros de Servicio. ","No tengo adecuaciones","No","No tengo hijos","Ninguna"
"2026/08/27 8:14:26 p.m. GMT-6","Erick Josue Ocampo Hurbina","118750833","23","85126329","Bachiller de Secundaria","","Contabilidad","","erickjosueocampou@gmail.com","Costa Rica","San José","Goicoechea","150metros este de la iglesia ipis entrada mano isquierda entrada privada( esta interesado en otra especialidad)","No tengo adecuaciones","No","No tengo hijos","Ninguna"
"2026/08/27 8:16:07 p.m. GMT-6","Gustavo Duarte Sevilla ","112050677","42","87068673","Noveno año de Secundaria","","Contabilidad","","gdus84@gmail.com","Costa Rica","San José","Goicoechea","Calle Almendros","No tengo adecuaciones","Si","3-4","Ninguna"
"2026/08/27 8:32:57 p.m. GMT-6","EMILIA MARIA MOYA ARCE","106790286","60","83794871","Noveno año de Secundaria","","Diseño de Productos Industriales Textiles","","EMYMOYA@GMAIL.COM","Costa Rica","San José","Goicoechea","BARRIO SANTA CECILIA","No tengo adecuaciones","Si","3-4","Sensorial Visual"
"2026/08/27 8:33:25 p.m. GMT-6","Julyana Quiros Garcia","112610780","40","89821996","Bachiller de Secundaria","","Diseño de Productos Industriales Textiles","","Julyqg@gmail.com","Costa Rica","San José","Tibás","de envasa 200 oeste y 100 norte","No tengo adecuaciones","Si","3-4","Ninguna"
"2026/08/27 8:35:45 p.m. GMT-6","Julyana Quiros Garcia","112610780","40","89821996","Bachiller de Secundaria","","Contabilidad","","julyqg@gmailcom","Costa Rica","San José","Tibás","de envasa 200 oeste y 100 norte","No tengo adecuaciones","Si","3-4","Ninguna"
"2026/08/27 8:39:22 p.m. GMT-6","CHRISTIAN VARGAS ZELEDON","113390667","38","62905227","Bachiller de Secundaria","","Electromecánica","","CORPORACIONVARGAS@OUTLOOK.COM","Costa Rica","San José","Goicoechea","TEPEYAC","No tengo adecuaciones","Si","1-2","Ninguna"
"2026/08/27 8:39:24 p.m. GMT-6","Kevin Vargas Salas","118490288","24","88509925","Bachiller de Secundaria","","Electromecánica","","yucinkevin72@gmail.com","Costa Rica","San José","Goicoechea","jabonsillal silencial vista del valle casa 108J","No tengo adecuaciones","No","No tengo hijos","Ninguna"
"2026/08/27 8:42:49 p.m. GMT-6","Diego Andrés Salazar Salazar","1-1340-0863","38","7066-9101","Noveno año de Secundaria","","Electromecánica","","dass_1619@hotmail.com","Costa Rica","San José","Goicoechea","El Alto, Urbanización Las Lomas, casa 12E","No tengo adecuaciones","Si","3-4","Ninguna"
"2026/08/27 8:45:46 p.m. GMT-6","VICTOR JOSUE BLANCO SOTO","113700951","37","70946945","Bachiller de Secundaria","","Electromecánica","","JOSUEBS02@HOTMAIL.COM ","Costa Rica","San José","Goicoechea","BARRIO SAN GERARDO 100 MTS ESTE Y 50 NORTE. ","No tengo adecuaciones","No","No tengo hijos","Otra"
"2026/08/27 9:08:49 p.m. GMT-6","Sandy Chaves Moya","7-0266-0434","27","7099-1046","Bachiller de Secundaria","","Ejecutivo comercial y de Servicio al Cliente","","schavesmoya@gmail.com","Costa Rica","San José","Goicoechea","Ipís, del Palí 300 mts sur","No tengo adecuaciones","Si","1-2","Ninguna"
"2026/08/27 9:09:27 p.m. GMT-6","Ian Santiago Fallas Moya","120660665","17","71844793","Bachiller de Secundaria","","Ciber Seguridad","","santiagofallasmoya2@gmail.com","Costa Rica","San José","Goicoechea","300 ur del pali de ipis","No tengo adecuaciones","No","No tengo hijos","Ninguna"
"2026/08/27 9:10:37 p.m. GMT-6","Sandy Chaves Moya","7-0266-0434","27","7099-1046","Bachiller de Secundaria","","Contabilidad","","schavesmoya@gmail.com","Costa Rica","San José","Goicoechea","Ipís, del Palí 300 mts sur","No tengo adecuaciones","Si","1-2","Ninguna"
"2026/08/27 9:11:54 p.m. GMT-6","cindy chaves guido","701940168","36","70767674","Bachiller de Secundaria","","Ciber Seguridad","","cindy.miach16@gmail.com","Costa Rica","San José","Goicoechea","del pali de ipis 400 sur","No tengo adecuaciones","Si","1-2","Ninguna"
"2026/08/27 9:16:12 p.m. GMT-6","cindy Chavez Guido","701940168","36","70767674","Bachiller de Secundaria","","Ejecutivo comercial y de Servicio al Cliente","","cindy.miach16@gmail.com","Costa Rica","San José","Goicoechea","400 sur del pali de ipis","No tengo adecuaciones","Si","1-2","Ninguna"
"2026/08/27 9:25:13 p.m. GMT-6","Tatiana Zúñiga Esquivel","1-1990-0433","19","7197-3868","Bachiller de Secundaria","","Contabilidad","","ztatiana408@gmail.com","Costa Rica","San José","Moravia","San Jerónimo, Calle La Palma, contiguo a la Pulpería El Carmen","No tengo adecuaciones","No","No tengo hijos","Ninguna"
"2026/08/27 9:27:13 p.m. GMT-6","Tatiana Zúñiga Esquivel","1-1990-0433","19","7197-3868","Bachiller de Secundaria","","Ejecutivo comercial y de Servicio al Cliente","","ztatiana408@gmail.com","Costa Rica","San José","Moravia","San Jerónimo, Calle La Palma, contiguo a la pulpería El Carmen","No tengo adecuaciones","No","No tengo hijos","Ninguna"
"2026/08/27 9:31:51 p.m. GMT-6","Donal Josue Sotelo","118720596","23","71811702","Bachiller de Secundaria","","Ciber Seguridad","","donalsotelo13917@gmail.com","Costa Rica","San José","Moravia","de la iglesia de san jeronimo 2 kilometros este calle la palma entrada a mano derecha","No tengo adecuaciones","No","No tengo hijos","Ninguna"
"2026/08/27 9:37:18 p.m. GMT-6","Mónika Herrera Bojorge","1-1939-0433","21","7016-6475","Bachiller de Secundaria","","Ciber Seguridad","","pinoke2005@gmail.com","Costa Rica","San José","San José","Hatillo, Barrio Nietos de Carazo","No tengo adecuaciones","No","No tengo hijos","Ninguna"
"2026/08/27 9:39:42 p.m. GMT-6","Victor Agustin Salinas Sandoval","155828764020","27","61141303","Bachiller de Secundaria","","Ciber Seguridad","","agustinvictor09@gmail.com","Costa Rica","San José","Goicoechea","condominio luis alberto monge ","No tengo adecuaciones","No","No tengo hijos","Ninguna"
"2026/09/01 6:09:49 p.m. GMT-6","Gloria Elena Somarriba Vanegas","8-0155-0121","38","6055-0923","Noveno año de Secundaria","","Contabilidad","","gloriana1987vanegas@gmail.com","Nicaragua","San José","Goicoechea","Del Mall El Dorado, 200 mts al este, portón amarillo","No tengo adecuaciones","No","No tengo hijos","Ninguna"
"2026/09/01 6:14:15 p.m. GMT-6","Kisha Artavia Elizondo","1-2036-0836","18","7289-3978","Noveno año de Secundaria","","Ciber Seguridad","","artaviakisha784@gmail.com","Costa Rica","San José","Vásquez de Coronado""","San Francisco","No tengo adecuaciones","No","No tengo hijos","Ninguna"
"2026/09/01 6:19:22 p.m. GMT-6","Jeudy Marín Montoya","1-1229-0829","41","7227-4225","Bachiller de Secundaria","","Ciber Seguridad","","marin.montoyaj@gmail.com","Costa Rica","San José","Goicoechea","De Fuerza y Luz, 100 mts sur y 100 mts este","No tengo adecuaciones","Si","1-2","Ninguna"
"2026/09/01 6:23:32 p.m. GMT-6","Marlon Gerardo Sanchez Chacón ","114380579","36","87400538","Bachiller de Secundaria","","Contabilidad","","sanchezchaconmarlon@gmail.com ","Costa Rica","San José","Vásquez de Coronado""","Barrio el Carmen, Dulce Nombre. ","No tengo adecuaciones","No","No tengo hijos","Motriz"
"2026/09/01 6:27:41 p.m. GMT-6","Gerardo Steven Sánchez Fuentes. ","114220639","36","86099771","Bachiller de Secundaria","","Ciber Seguridad","","gersanfusf@gmail.com","Costa Rica","San José","Goicoechea","Calle Blancos, Iglesia catolica 75 mts sur. ","No tengo adecuaciones","No","No tengo hijos","Otra"
"2026/09/01 7:25:27 p.m. GMT-6","HAZEL MELISSA ORTIZ ULATE ","111040516","45","71672128 ","Noveno año de Secundaria","https://drive.google.com/u/0/open?usp=forms_web&id=1m0AxMj2Va6rnyQL772QTpTACWc0FDY41","Contabilidad","","hazel250820@gmail.com","Costa Rica","San José","Central","Hatillo7 alameda Juan santa maría casa 33 porto negro mano derecha ","No tengo adecuaciones","Si","1-2","Ninguna"
"2026/09/02 7:20:20 a.m. GMT-6","Erick Josue Ocampo Urbina ","1-1875-0833","23","8512-6329","Bachiller de Secundaria","https://drive.google.com/u/0/open?usp=forms_web&id=1Qzph7DABe803Z3-YHgNtFnN7x_5uekIW","Contabilidad","","Erickjosueocampou@gmail.com ","Costa Rica","San José","Goicoechea","150 metros este de la iglesia ipis, a mano izquierda entrada privada  última casa del lado izquierdo ","No tengo adecuaciones","No","No tengo hijos","Ninguna"
"2026/09/02 3:29:11 p.m. GMT-6","Pablo Escobar Pellecer ","117300771","27","72435841","Bachiller de Secundaria","https://drive.google.com/u/0/open?usp=forms_web&id=103UYbi-QesCh2TP7R0sgyaO8SVc2DaaV","Electromecánica","","pablopellecer16@gmail.com","Costa Rica","San José","San José","San José san Sebastián López mateo","No tengo adecuaciones","Si","1-2","Ninguna"
"2026/09/02 4:21:45 p.m. GMT-6","Heysell Raquel Herrera ","155845540036","22","70254396","Graduado de Técnico Medio","https://drive.google.com/u/0/open?usp=forms_web&id=18zjnhmzMkVW2ndWcXqDbeHTYtXajQ8nY","Electromecánica","","heysellraquelherrera08@gmail.com","Nicaragua","San José","Goicoechea","Barrio Santa Cecilia, calle Almendros contigua a taller Cartí y Blanco ","No tengo adecuaciones","No","No tengo hijos","Otra"
"2026/09/02 5:15:10 p.m. GMT-6","Sthephanie Raquel Barboza Cedeño","1-1519-0004","33 años","6378-1333","Bachiller de Secundaria","https://drive.google.com/u/0/open?usp=forms_web&id=1egN-JdmzjXQ5uzTAoufKyQEUP7kMJMNc","Ciber Seguridad","","stephaniebarboza33@gmail.com","Costa Rica","San José","Goicoechea","Purral abajo, urbanización las lomas calle Morales ","No tengo adecuaciones","Si","3-4","Ninguna"
"2026/09/02 6:25:10 p.m. GMT-6","Gabriel Gutierrez pichardo ","119920089","19","87409960","Noveno año de Secundaria","https://drive.google.com/u/0/open?usp=forms_web&id=1aQR814ZjoPlr3Bhr3LaIhD726kB7cEkq","Contabilidad","","gabrielsethgutipich17@gmail.com","Costa Rica","San José","Moravia","San Vicente jardines de moravia ","No tengo adecuaciones","No","No tengo hijos","Ninguna"
"2026/09/02 6:41:52 p.m. GMT-6","Víctor Daniel González Flores ","115980061","31","87473493","Bachiller de Secundaria","https://drive.google.com/u/0/open?usp=forms_web&id=10AWYUxIGP1ym0lmJYnR0d6Ey5RuZZiZV","Ciber Seguridad","","vickd12gonflo95@gmail.com","Costa Rica","San José","Goicoechea","Ipis La Facio De la Cruz Roja de Ipis , 100 este, 25 sur y 15 este, Alameda 7 casa de alto color color gris, portónes negros. Casa #39.","No tengo adecuaciones","No","No tengo hijos","Ninguna"
"2026/09/02 6:45:20 p.m. GMT-6","Dariel Jesús Romanini Arias","1-19490281","20 años","8366-3270","Graduado de Técnico Medio","https://drive.google.com/u/0/open?usp=forms_web&id=1JhAMtPLUt97omMW55ZRtI0kFVVC19BTi","Ciber Seguridad","","darielromanini@gmail.com","Costa Rica","San José","Goicoechea","Avenida higos, al costado del salón comunal de zetillal, segunda casa a mano derecha ","No tengo adecuaciones","No","No tengo hijos","Ninguna"
"2026/09/02 9:04:09 p.m. GMT-6","Manuel Antonio Guerrero Jiménez","1-1823-0524","24","6003-4488","Bachiller de Secundaria","","Ciber Seguridad","","manuelguerrero.cr7@gmail.com","Costa Rica","San José","Goicoechea","De la carnicería Hermanos Majo, 75 metros sur, casa a mano izquiera, portón de círculos negro, casa de dos plantas","No tengo adecuaciones","No","No tengo hijos","Ninguna"
"2026/09/02 9:48:58 p.m. GMT-6","Elizabeth del carmen Corea Brizuela ","155851153404","28","62915026","Bachiller de Secundaria","https://drive.google.com/u/0/open?usp=forms_web&id=1MBqoL8HQR6W68z0Z5cxlHpR7WvMxFL2r","Ejecutivo comercial y de Servicio al Cliente","","elicorea1112@gmail.com","Nicaragua","San José","Montes de Oca","De aldeas Infantiles sos 100 metros al norte ","No tengo adecuaciones","Si","1-2","Ninguna"
"2026/09/02 10:47:31 p.m. GMT-6","Ehimy Verónica Duarte Soto ","1-1164-0806","43","6410-0095","Bachiller de Secundaria","https://drive.google.com/u/0/open?usp=forms_web&id=1TSBkLLHEPTZ5xq_4OMCfCOwXS8IKBWv8","Ejecutivo comercial y de Servicio al Cliente","","ehimy1599@gmail.com","Costa Rica","San José","Goicoechea","Mata de plátano barrio El Carmen, urbanización Bruncas casa #73","No tengo adecuaciones","Si","1-2","Ninguna"
"2026/09/03 1:08:59 p.m. GMT-6","Andrea Stephania Richmond González ","1-1457-0078","35","7173-9004","Bachiller de Secundaria","https://drive.google.com/u/0/open?usp=forms_web&id=1gu4FTxyfR4nHOCOgSyKtQkMbHinhHWoq","Ciber Seguridad","","richmondandy26@gmail.com","Costa Rica","San José","Goicoechea","El Carmen de Guadalupe. Urbanización La Carmelina. ","No tengo adecuaciones","Si","1-2","Ninguna"
"2026/09/03 6:09:17 p.m. GMT-6","Fabrizio Varga QUeada ","113670331","37","83142515","Bachiller de Secundaria","","Contabilidad","","fa29vq@gmail.com","Costa Rica","San José","Goicoechea","Guadalue,  sAn antonio. ","No tengo adecuaciones","Si","1-2","Ninguna"
"2026/09/03 6:11:53 p.m. GMT-6","Jeimy Alejandra ","114000038","37","85822826","Bachiller de Secundaria","","Contabilidad","","jeialels07@gmail.com","Costa Rica","San José","Goicoechea","Guadalue,  san antonio. ","No tengo adecuaciones","Si","1-2","Ninguna"
"2026/09/03 7:20:04 p.m. GMT-6","Jorvi Manuel Aviles Aragón ","118810273","23","70089725","Bachiller de Secundaria","","Ciber Seguridad","","jorviaviles@gmail.com","Costa Rica","San José","Goicoechea","Purral el pueblo frente al mini súper jenny","No tengo adecuaciones","No","No tengo hijos","Ninguna"
"2026/09/04 9:20:04 a.m. GMT-6","Jordi Samuel Ruiz Salazar ","1-1892-0995","22","87736885","Bachiller de Secundaria","https://drive.google.com/u/0/open?usp=forms_web&id=1dUdPI7Kn1Xk3dYdCkLVWrtSMLv7zN99W","Mantenimiento de Sistema de Aire Acondicionado Insdustrial","","jordiruizsalazar09@gmail.com","Costa Rica","San José","Goicoechea","Urbanización Karla Maria séptima alameda casa h3","No tengo adecuaciones","No","No tengo hijos","Ninguna"
"2026/09/04 5:06:02 p.m. GMT-6","adali meneses sibaja","205500544","46 añod","60049333","Bachiller de Secundaria","","Mantenimiento de Sistema de Aire Acondicionado Insdustrial","","meneses801@hitmail.com","Costa Rica","San José","Goicoechea","pali de calle blancos 50 norte 100 oeste frente a esquina suroeste plaza deportes","No tengo adecuaciones","No","No tengo hijos","Ninguna"
"2026/09/05 11:41:13 a.m. GMT-6","Andrea Quiros","1-1093-0290","45","6078-3122","Bachiller de Secundaria","https://drive.google.com/u/0/open?usp=forms_web&id=15USaw1lihL7H8IgljSgyC9qT-30X9g6-","Contabilidad","Amigos o conocidos","andquir16@gmail.com","Costa Rica","San José","Goicoechea","Purral, Urbanización Kuru ","No tengo adecuaciones","No","No tengo hijos","Ninguna"
"2026/09/05 10:36:48 p.m. GMT-6","Jason Zúñiga Camacho ","117700747 ","26","71765528","Bachiller de Secundaria","https://drive.google.com/u/0/open?usp=forms_web&id=1NUkWZ04b7jM7dGuE_iFJGnvZb6yr8yHx","Electromecánica","Pagina Facebook de la Sección Técnica Nocturna","jsn310777@gmail.com","Costa Rica","San José","Vásquez de Coronado""","Escuela de coronado ","No tengo adecuaciones","No","No tengo hijos","Ninguna"
"2026/09/07 6:36:52 p.m. GMT-6","Douglas Adrián Jiménez Jiménez","1-1977-0485","19","7274-1482","Bachiller de Secundaria","","Ciber Seguridad","Amigos o conocidos","adrianjimenezj64@gmail.com","Costa Rica","San José","Goicoechea","Diagonal a metrocom Guadalupe barrio santa eduvijes","No tengo adecuaciones","No","No tengo hijos","Ninguna"
"2026/09/08 7:29:04 p.m. GMT-6","Juan Carlos Lezama García","801410534","37","63679760","Bachiller de Secundaria","","Electromecánica","Open House","diego22sept@gmail.com","Costa Rica","San José","Tibás","Cinco Esquinas, Copey, de la iglesiaa catolica 50 mts este","No tengo adecuaciones","Si","3-4","Ninguna"
"2026/09/10 10:02:29 a.m. GMT-6","Josseline Vargas Scott ","402160918","34","83607000","Bachiller de Secundaria","https://drive.google.com/u/0/open?usp=forms_web&id=1U3t0cvNxkAIMkrz48A42z3aFPnR7XoEX","Mantenimiento de Sistema de Aire Acondicionado Insdustrial","Pagina Facebook de la Sección Técnica Nocturna","josselinevargasscott@gmail.com","Costa Rica","San José","San José","250 oeste de la salida de la salida de Emergencias del H. de Niños edificio a mano derecha","No tengo adecuaciones","No","1-2","Ninguna"
"2026/09/10 10:08:56 a.m. GMT-6","Gloriana Somarriba vanegas","801550121","38 ","60550923","Noveno año de Secundaria","https://drive.google.com/u/0/open?usp=forms_web&id=1VcoroeBKZmGoKvgwwzIJdVoByrvdv11E","Ciber Seguridad","Pagina Facebook de la Sección Técnica Nocturna","gloriana1987vanegas@gmail.com","Nicaragua","San José","Goicoechea","Del Mall El Dorado 200 metros este","No tengo adecuaciones","No","No tengo hijos","Ninguna"
"2026/09/10 7:10:33 p.m. GMT-6","Tiffany corrales Quirós ","119060509","22","71692572","Bachiller de Secundaria","","Contabilidad","Amigos o conocidos","masielcorrales817@gmail.com","Costa Rica","San José","Moravia","De la panadería musmani a 350 noroeste ","No tengo adecuaciones","No","No tengo hijos","Ninguna"
"2026/09/15 9:14:22 p.m. GMT-6","José Luis Rodríguez salas ","111490312","44","61200909 ","Bachiller de Secundaria","https://drive.google.com/u/0/open?usp=forms_web&id=13y8xy6rNZ4t0S3WmHcwa8stv_yu7ZnAH","Electromecánica","Redes sociales","delyugojrs@gmail.com","Costa Rica","San José","Vásquez de Coronado""","Urb lotes Méndez, san pedro, cascajal","No tengo adecuaciones","Si","1-2","Ninguna"
"2026/09/17 6:45:58 p.m. GMT-6","Alessandra Soto López","1-1960-0544","20","8821-1896","Noveno año de Secundaria","https://drive.google.com/u/0/open?usp=forms_web&id=1_3rNbYNZpr3ZokHFTR4WtDv8EGlhVXBn","Ejecutivo comercial y de Servicio al Cliente","Open House","alesslops17@gmail.com","Costa Rica","San José","Moravia","alesslops17@icloud.com","No tengo adecuaciones","No","No tengo hijos","Ninguna"
"2026/09/17 7:08:41 p.m. GMT-6","Valesky Alvarado Asch","112110927","42","70099500","Noveno año de Secundaria","","Ciber Seguridad","Open House","Valvaradoasch@gmail.com","Costa Rica","San José","Moravia","Barrio Las Américas,  del Liceo de Moravia,  300 metros al este","No tengo adecuaciones","Si","1-2","Ninguna"
"2026/09/19 1:10:06 p.m. GMT-6","Freddy Alberto Zuñiga López ","110780977 ","46","89752396","Bachiller de Secundaria","https://drive.google.com/u/0/open?usp=forms_web&id=1x4CrjN8eMYMmNu9i-WQuZ_Vh6vnSByHD","Ciber Seguridad","Open House","Freddyzlopez80@gmail.com ","Costa Rica","San José","Goicoechea","Urbanización Santa María","No tengo adecuaciones","Si","1-2","Ninguna"
"2026/09/21 4:45:34 p.m. GMT-6","Jeison Javier Miranda Sandoval","118010950","25","60358689","Bachiller de Secundaria","https://drive.google.com/u/0/open?usp=forms_web&id=1jhcSLdjAKY9AjW63XN09yBESLs5dZs3d","Contabilidad","Amigos o conocidos","jjsandoval7077@gmail.com","Costa Rica","San José","Goicoechea","Atrás de calox calle blancos pasando la línea del tren segunda entrada a la derecha casa esquinera","No tengo adecuaciones","No","No tengo hijos","Ninguna"
"2026/09/22 3:13:28 p.m. GMT-6","Leticia córdoba rosales ","604580144","26","84961249","Bachiller de Secundaria","https://drive.google.com/u/0/open?usp=forms_web&id=1bIsnOAyxLVitSGL_9sfxt8UxfoX436f0","Diseño de Productos Industriales Textiles","Pagina Facebook de la Sección Técnica Nocturna","Leticia.coro17@gmail.com","Costa Rica","San José","Central","Barrio lujan, san jose ","No tengo adecuaciones","No","No tengo hijos","Ninguna"
"2026/09/25 6:46:31 p.m. GMT-6","Jonathan Andres mata valverde","0-11815-0424","25","60317879","Bachiller de Secundaria","https://drive.google.com/u/0/open?usp=forms_web&id=1XRXZ19QYyNUzkm8i1UkOGjGFdC61Gqtz","Mantenimiento de Sistema de Aire Acondicionado Insdustrial","Amigos o conocidos","Valverdepepa912@gmail.com","Costa Rica","San José","Goicoechea","120M este y 10O oestes de baterias et guadalupe goicoechea ","No tengo adecuaciones","No","No tengo hijos","Ninguna"
"2026/09/25 6:53:28 p.m. GMT-6","Jonathan Andres mata valverde","0-11815-0424","25","60317879","Bachiller de Secundaria","https://drive.google.com/u/0/open?usp=forms_web&id=1hzRVw9PPcZxgymcS9i7edFdmTJdwPvy8","Mantenimiento de Sistema de Aire Acondicionado Insdustrial","Amigos o conocidos","Valverdepepa912@gmail.com","Costa Rica","San José","Goicoechea","120M este y 110oeste de baterias et guadalupe san jose","No tengo adecuaciones","No","No tengo hijos","Ninguna"
"2026/09/25 6:54:30 p.m. GMT-6","Kimberly Susana Briceño León ","1-1614-0449","31 años ","7070-0434 ","Bachiller de Secundaria","https://drive.google.com/u/0/open?usp=forms_web&id=1Xr5EulK8wf8b5ieLghz4FVnhFMsbR4JV","Ciber Seguridad","Open House","susanabriceno0410@gmail.com","Costa Rica","San José","Goicoechea","25 mts norte de la cruz roja de la Facio ","No tengo adecuaciones","Si","1-2","Ninguna"
"2026/09/25 8:21:44 p.m. GMT-6","María Calderón Orellano ","402490239","25","60051792","Bachiller de Secundaria","","Ciber Seguridad","Pagina Facebook de la Sección Técnica Nocturna","maricalderon03@icloud.com","Costa Rica","San José","Goicoechea","De la escuela José cubero Muñoz 75 metros a la izquierda calle los cipreses ","No tengo adecuaciones","Si","1-2","Ninguna"